{
  "total": 9,
  "passed": 5,
  "failed": 4,
  "timings": [
    24.07283902168274,
    24.49475622177124,
    26.613780975341797,
    54.565611124038696,
    30.11480188369751,
    21.962159872055054,
    20.771364212036133,
    0.09233999252319336,
    21.15826392173767
  ]
}